<?xml version="1.0" encoding="UTF-8" ?>
<!DOCTYPE mapper
  PUBLIC "-//mybatis.org//DTD Mapper 3.0//EN"
  "http://mybatis.org/dtd/mybatis-3-mapper.dtd">
<mapper namespace="com.show.movie.model.dao.CancellationDAO">

	<select id="getAllcancellation" resultType="cancellation" >
		SELECT * FROM cancellation WHERE userId = #{userId};
	</select>
	
	<update id="cancelDate" parameterType="int">
		update booking
		SET bookingState = 1 , cancelDate = now()
		where bookingCode=#{bookingCode}
	</update>
	
	<update id="updateMovieSeat" >
			UPDATE seat SET seatStatus = 0 
			WHERE movieInfoCode = (SELECT  movieInfoCode FROM movie.booking WHERE bookingCode = #{bookingCode})
			AND seatName = #{seatName}
	</update>
	
	<select id="getBookingSeat" parameterType="int" resultType="string">
			SELECT bookingSeat FROM movie.booking WHERE bookingCode = #{bookingCode}
	</select> 
	
	
<!-- 	<update id="cancelDate">
		update booking
		SET updateDate = now()
		where bookingState=#{booking.bookingstate}
	</update> -->
</mapper>
<!-- 	<update id="cancelDate">
		update booking
		updateDate=sysdate
		where bookingState=#{booking.bookingstate}
	</update> -->