<?xml version="1.0" encoding="UTF-8"?>
<beans:beans
	xmlns="http://www.springframework.org/schema/mvc"
	xmlns:xsi="http://www.w3.org/2001/XMLSchema-instance"
	xmlns:beans="http://www.springframework.org/schema/beans"
	xmlns:context="http://www.springframework.org/schema/context"
	xsi:schemaLocation="http://www.springframework.org/schema/mvc https://www.springframework.org/schema/mvc/spring-mvc.xsd
		http://www.springframework.org/schema/beans https://www.springframework.org/schema/beans/spring-beans.xsd
		http://www.springframework.org/schema/context https://www.springframework.org/schema/context/spring-context.xsd">

	<!-- DispatcherServlet Context: defines this servlet's request-processing 
		infrastructure -->
	
	<!-- Enables the Spring MVC @Controller programming model -->
	<!-- <annotation-driven /> -->
	<annotation-driven/>
	<!-- Handles HTTP GET requests for /resources/** by efficiently serving 
		up static resources in the ${webappRoot}/resources directory -->
	<!-- <resources mapping="/css/**" location="/resources/css" /> -->
	<resources mapping="/css/**" location="/resources/css/" />
	<resources mapping="/js/**" location="/resources/js/" />
	<resources mapping="/images/**" location="/resources/images/" />
	<resources mapping="/img/**" location="/img/" />
	<resources mapping="/resources/**" location="/resources/" />

	<!-- Resolves views selected for rendering by @Controllers to .jsp resources 
		in the /WEB-INF/views directory -->
	<!--  View Resolver -->
	<beans:bean
		class="org.springframework.web.servlet.view.InternalResourceViewResolver">
		<beans:property name="prefix" value="/WEB-INF/views/" />
		<beans:property name="suffix" value=".jsp" />
	</beans:bean>
	
	<!-- file Upload Resolver -->
 	<beans:bean id="multipartResolver"
		class="org.springframework.web.multipart.commons.CommonsMultipartResolver">
		<beans:property name="maxUploadSize" value="100000000" />
		<beans:property name="maxInMemorySize" value="100000000" />
	</beans:bean>
	 
	<!-- Dao 객체 생성 -->
<!-- 	<beans:bean
		class="org.mybatis.spring.mapper.MapperScannerConfigurer">
		<beans:property name="basePackage" value="com.show.movie.dao" />
	</beans:bean> -->

	<context:component-scan base-package="com.show.movie" />
	


</beans:beans>
