<?xml version="1.0" encoding="UTF-8"?>
<beans xmlns="http://www.springframework.org/schema/beans"
	xmlns:xsi="http://www.w3.org/2001/XMLSchema-instance"
	xmlns:context="http://www.springframework.org/schema/context"
	xmlns:mvc="http://www.springframework.org/schema/mvc"
	xsi:schemaLocation="http://www.springframework.org/schema/mvc http://www.springframework.org/schema/mvc/spring-mvc-4.3.xsd
		http://www.springframework.org/schema/beans https://www.springframework.org/schema/beans/spring-beans.xsd
		http://www.springframework.org/schema/context http://www.springframework.org/schema/context/spring-context-4.3.xsd">

	<!-- Root Context: defines shared resources visible to all other web components -->

	 <mvc:annotation-driven>
		    <mvc:message-converters>
		        <!-- @ResponseBody로 String 처리할때 한글처리 -->
		        <bean class="org.springframework.http.converter.StringHttpMessageConverter">
		            <property name="supportedMediaTypes">
		                <list>
		                    <value>text/html;charset=UTF-8</value>
		                </list>
		            </property>
		        </bean>
		    </mvc:message-converters>
		</mvc:annotation-driven>
</beans>
